{
  "token_acc": 0.9990029326,
  "tag_acc": 0.9611082383,
  "pos_acc": 0.9555561604,
  "morph_acc": 0.9622189558,
  "lemma_acc": 0.8186589263,
  "dep_uas": 0.8731948699,
  "dep_las": 0.8163739021,
  "sents_p": 0.9693333333,
  "sents_r": 0.9667553191,
  "sents_f": 0.9680426099,
  "speed": 11063.6603730996,
  "morph_per_feat": {
    "Case": {
      "p": 0.9896419437,
      "r": 0.9842299377,
      "f": 0.9869285213
    },
    "Gender": {
      "p": 0.9851898734,
      "r": 0.9729966246,
      "f": 0.9790552865
    },
    "Number": {
      "p": 0.9884873681,
      "r": 0.976825029,
      "f": 0.9826215958
    },
    "Person": {
      "p": 0.9806565064,
      "r": 0.9858573954,
      "f": 0.9832500735
    },
    "PronType": {
      "p": 0.9965325936,
      "r": 0.99308915,
      "f": 0.994807892
    },
    "Polarity": {
      "p": 0.9886363636,
      "r": 0.9983606557,
      "f": 0.9934747145
    },
    "AdpType": {
      "p": 0.998643608,
      "r": 0.9966159052,
      "f": 0.9976287263
    },
    "Definite": {
      "p": 0.9869164917,
      "r": 0.9698412698,
      "f": 0.9783043792
    },
    "Degree": {
      "p": 0.9435261708,
      "r": 0.920080591,
      "f": 0.9316558994
    },
    "VerbForm": {
      "p": 0.9619672131,
      "r": 0.9753989362,
      "f": 0.9686365137
    },
    "Abbr": {
      "p": 0.9852941176,
      "r": 0.8973214286,
      "f": 0.9392523364
    },
    "Poss": {
      "p": 1.0,
      "r": 0.9951807229,
      "f": 0.9975845411
    },
    "NumForm": {
      "p": 0.9971830986,
      "r": 0.9752066116,
      "f": 0.9860724234
    },
    "NumType": {
      "p": 0.9971988796,
      "r": 0.978021978,
      "f": 0.987517337
    },
    "Reflex": {
      "p": 1.0,
      "r": 0.9935897436,
      "f": 0.9967845659
    },
    "Strength": {
      "p": 0.9919678715,
      "r": 0.9801587302,
      "f": 0.9860279441
    },
    "Mood": {
      "p": 0.9430604982,
      "r": 0.9724770642,
      "f": 0.9575429088
    },
    "Tense": {
      "p": 0.9502133713,
      "r": 0.9709302326,
      "f": 0.9604601006
    },
    "Variant": {
      "p": 0.9865771812,
      "r": 0.9483870968,
      "f": 0.9671052632
    },
    "Position": {
      "p": 0.9910714286,
      "r": 0.9910714286,
      "f": 0.9910714286
    },
    "Number[psor]": {
      "p": 1.0,
      "r": 1.0,
      "f": 1.0
    },
    "PartType": {
      "p": 1.0,
      "r": 0.9459459459,
      "f": 0.9722222222
    },
    "Foreign": {
      "p": 0.0,
      "r": 0.0,
      "f": 0.0
    }
  },
  "dep_las_per_type": {
    "root": {
      "p": 0.8617021277,
      "r": 0.9152542373,
      "f": 0.8876712329
    },
    "mark": {
      "p": 0.9341085271,
      "r": 0.9094339623,
      "f": 0.9216061185
    },
    "case": {
      "p": 0.9508073601,
      "r": 0.9493813273,
      "f": 0.9500938086
    },
    "nmod:tmod": {
      "p": 0.5438596491,
      "r": 0.2605042017,
      "f": 0.3522727273
    },
    "amod": {
      "p": 0.8753246753,
      "r": 0.8611584327,
      "f": 0.8681837699
    },
    "nsubj": {
      "p": 0.8274111675,
      "r": 0.7725118483,
      "f": 0.7990196078
    },
    "nmod": {
      "p": 0.7967032967,
      "r": 0.7765083899,
      "f": 0.7864762249
    },
    "aux": {
      "p": 0.970260223,
      "r": 0.9542961609,
      "f": 0.9622119816
    },
    "advcl": {
      "p": 0.6503496503,
      "r": 0.6992481203,
      "f": 0.6739130435
    },
    "obj": {
      "p": 0.7913978495,
      "r": 0.8498845266,
      "f": 0.8195991091
    },
    "det": {
      "p": 0.9554794521,
      "r": 0.9479048698,
      "f": 0.9516770893
    },
    "cc": {
      "p": 0.920997921,
      "r": 0.9248434238,
      "f": 0.9229166667
    },
    "conj": {
      "p": 0.5436081243,
      "r": 0.527230591,
      "f": 0.5352941176
    },
    "nummod": {
      "p": 0.8761904762,
      "r": 0.8571428571,
      "f": 0.8665620094
    },
    "acl": {
      "p": 0.7840236686,
      "r": 0.684754522,
      "f": 0.7310344828
    },
    "advmod": {
      "p": 0.8046875,
      "r": 0.8153034301,
      "f": 0.8099606815
    },
    "obl": {
      "p": 0.6586956522,
      "r": 0.769035533,
      "f": 0.7096018735
    },
    "expl:pass": {
      "p": 0.78,
      "r": 0.7222222222,
      "f": 0.75
    },
    "nsubj:pass": {
      "p": 0.7692307692,
      "r": 0.6707317073,
      "f": 0.7166123779
    },
    "fixed": {
      "p": 0.8638297872,
      "r": 0.8583509514,
      "f": 0.8610816543
    },
    "appos": {
      "p": 0.449339207,
      "r": 0.3893129771,
      "f": 0.4171779141
    },
    "parataxis": {
      "p": 0.2765957447,
      "r": 0.3714285714,
      "f": 0.3170731707
    },
    "aux:pass": {
      "p": 0.9261744966,
      "r": 0.92,
      "f": 0.9230769231
    },
    "nmod:agent": {
      "p": 0.9175257732,
      "r": 0.8018018018,
      "f": 0.8557692308
    },
    "ccomp": {
      "p": 0.8991596639,
      "r": 0.8294573643,
      "f": 0.8629032258
    },
    "nmod:pmod": {
      "p": 0.3134328358,
      "r": 0.35,
      "f": 0.3307086614
    },
    "iobj": {
      "p": 0.7402597403,
      "r": 0.7037037037,
      "f": 0.7215189873
    },
    "flat": {
      "p": 0.7237851662,
      "r": 0.7447368421,
      "f": 0.7341115435
    },
    "cop": {
      "p": 0.8189655172,
      "r": 0.7661290323,
      "f": 0.7916666667
    },
    "csubj": {
      "p": 0.8,
      "r": 0.7619047619,
      "f": 0.7804878049
    },
    "dep": {
      "p": 0.0,
      "r": 0.0,
      "f": 0.0
    },
    "goeswith": {
      "p": 0.0909090909,
      "r": 0.3333333333,
      "f": 0.1428571429
    },
    "xcomp": {
      "p": 0.2608695652,
      "r": 0.4444444444,
      "f": 0.3287671233
    },
    "expl:pv": {
      "p": 0.7671232877,
      "r": 0.8115942029,
      "f": 0.7887323944
    },
    "expl": {
      "p": 0.7037037037,
      "r": 0.7037037037,
      "f": 0.7037037037
    },
    "vocative": {
      "p": 0.0,
      "r": 0.0,
      "f": 0.0
    },
    "expl:poss": {
      "p": 0.9655172414,
      "r": 0.9032258065,
      "f": 0.9333333333
    },
    "ccomp:pmod": {
      "p": 0.1666666667,
      "r": 0.3333333333,
      "f": 0.2222222222
    },
    "compound": {
      "p": 0.4166666667,
      "r": 0.7142857143,
      "f": 0.5263157895
    },
    "orphan": {
      "p": 0.0,
      "r": 0.0,
      "f": 0.0
    },
    "expl:impers": {
      "p": 0.0,
      "r": 0.0,
      "f": 0.0
    },
    "cc:preconj": {
      "p": 0.0,
      "r": 0.0,
      "f": 0.0
    },
    "csubj:pass": {
      "p": 0.0,
      "r": 0.0,
      "f": 0.0
    },
    "list": {
      "p": 0.0,
      "r": 0.0,
      "f": 0.0
    }
  },
  "ents_p": 0.728021978,
  "ents_r": 0.7126392624,
  "ents_f": 0.7202484954,
  "ents_per_type": {
    "DATETIME": {
      "p": 0.7842465753,
      "r": 0.7979094077,
      "f": 0.7910189983
    },
    "ORGANIZATION": {
      "p": 0.6492307692,
      "r": 0.6719745223,
      "f": 0.6604068858
    },
    "FACILITY": {
      "p": 0.4205607477,
      "r": 0.3435114504,
      "f": 0.3781512605
    },
    "NUMERIC_VALUE": {
      "p": 0.8821138211,
      "r": 0.9194915254,
      "f": 0.9004149378
    },
    "ORDINAL": {
      "p": 0.8571428571,
      "r": 0.8727272727,
      "f": 0.8648648649
    },
    "EVENT": {
      "p": 0.5333333333,
      "r": 0.4324324324,
      "f": 0.4776119403
    },
    "GPE": {
      "p": 0.8173913043,
      "r": 0.8643678161,
      "f": 0.8402234637
    },
    "PERSON": {
      "p": 0.6794657763,
      "r": 0.682885906,
      "f": 0.6811715481
    },
    "NAT_REL_POL": {
      "p": 0.8863636364,
      "r": 0.78,
      "f": 0.829787234
    },
    "MONEY": {
      "p": 0.9038461538,
      "r": 0.8103448276,
      "f": 0.8545454545
    },
    "PRODUCT": {
      "p": 0.5,
      "r": 0.3649635036,
      "f": 0.4219409283
    },
    "LOC": {
      "p": 0.4545454545,
      "r": 0.3947368421,
      "f": 0.4225352113
    },
    "WORK_OF_ART": {
      "p": 0.2857142857,
      "r": 0.2105263158,
      "f": 0.2424242424
    },
    "QUANTITY": {
      "p": 0.7666666667,
      "r": 0.8846153846,